Unnamed: 0,IAGA_CODE,NAME,COUNTRY,LATITUDE_G,LONGITUDE_G,STATUS,GIN,LATITUDE_M,LONGITUDE_M
0,AAA,Alma Ata,Kazakhstan,43.25,76.92,closed,Edi,39.679467026301,150.0657415334513
1,AAE,Addis Ababa,Ethiopia,9.035,38.77,closed,Par,,
2,ABG,Alibag,India,18.638,72.872,imo,Kyo,13.181692021603709,146.09794433275016
3,ABK,Abisko,Sweden,68.358,18.823,imo,Edi,65.68716274993099,98.98618369245214
4,AIA,Faraday Islands (Argentine Island) - Akademik Vernadsky base,Antarctica,-65.245,-64.25799999999998,imo,Edi,-51.281066692719406,9.09754500854085
5,ALE,Alert,Canada,82.497,-62.35300000000001,closed,Ott,86.82353377713274,63.389199006587276
6,AMS,Martin de Vivies - Amsterdam Island,French Southern and Antarctic Lands,-37.8,77.57,closed,Par,-48.57490787273386,140.83499744373188
7,API,Apia,Western Samoa,-13.8155,-171.7812,imo,Edi,-15.687302468765068,-96.38045448300592
8,AQU,L'Aquila,Italy,42.38,13.32,closed,Par,36.022077278593166,86.57188226937963
9,ARS,Arti,Russia,56.433,58.567,imo,Edi,53.32856427233043,131.6917414056105
10,ASC,Ascension Island,United Kingdom,-7.95,-14.379999999999995,imo,Edi,-12.246169318252342,57.246536850266835
11,ASP,Alice Springs,Australia,-23.762,133.883,imo,Edi,-33.53305880251028,-152.27556356350388
12,BDV,Budkov,Czech Republic,49.08,14.02,imo,Edi,44.30939195642541,88.26199598784497
13,BEL,Belsk,Poland,51.836,20.789,imo,Edi,47.722171803380775,94.86084333986918
14,BFE,Brorfelde,Denmark,55.625,11.672,closed,Kyo,51.93380716470549,87.74469489099303
15,BFO,Black Forest,Germany,48.331,8.325,imo,Edi,43.23230308683278,83.13378738106974
16,BLC,Baker Lake,Canada,64.318,-96.012,imo,Ott,72.2263523911417,-28.144716277282186
17,BMT,Beijing Ming Tombs,China,40.3,116.2,imo,Kyo,35.391595088736025,-169.52750095427234
18,BNG,Bangui,Central African Republic,4.33,18.57,closed,Par,,
19,BOU,Boulder,United States of America,40.14,-105.233,imo,Gol,48.14354002202537,-37.55470385973683
20,BOX,Borok,Russia,58.07,38.23,imo,Par,54.78508692031659,112.20726292939747
21,BRD,Brandon,Canada,49.87,-99.9739,imo,Ott,58.25951770663566,-31.685860164444026
22,BRW,Barrow,United States of America,71.32,-156.62,imo,Gol,70.33461002128897,-103.20031924447531
23,BSL,Stennis Space Center (Bay St. Louis),United States of America,30.35,-89.63999999999999,imo,Gol,39.93877298821849,-16.91253282953087
24,CBB,Cambridge Bay,Canada,69.123,-105.031,imo,Ott,75.8959905782998,-44.36471859390431
25,CKI,Cocos (Keeling) Islands,Australia,-12.1875,96.8336,imo,Edi,-21.344662233292112,169.04756534038793
26,CLF,Chambon-la-Foret,France,48.025,2.26,imo,Par,42.758441524028584,77.90528665810805
27,CMO,College,United States of America,64.87,-147.86,imo,Gol,64.94776226845099,-91.41121020811406
28,CNB,Canberra,Australia,-35.32,149.36,imo,Edi,-45.02214568923492,-132.48156751501713
29,CNH,Changchun,China,44.08,124.86,closed,Edi,38.71490579055264,-160.68373306960385
30,CPL,Choutuppal,,17.294,78.9192,imo,Edi,11.54347650875026,152.07825505584776
31,CSY,Casey Station,Antarctica,-66.283,110.533,imo,Edi,-80.47852369817545,160.1266699472429
32,CTA,Charters Towers,Australia,-20.09,146.264,imo,Edi,-28.993706231275553,-138.9783549930297
33,CYG,Cheongyang,Korea,36.37,126.854,imo,Edi,30.538164951859933,-159.13140006203838
34,CZT,Port Alfred,French Southern and Antarctic Lands,-46.43,51.86,closed,Par,-53.165542937214184,107.60044878598862
35,DED,Deadhorse,United States of America,70.36,-148.79,imo,Gol,70.45106028445818,-95.91530042581923
36,DLR,Del Rio,United States of America,29.49,-100.91699999999996,closed,Gol,38.15960717976571,-31.213732292993093
37,DLT,Dalat,Vietnam,11.95,108.48,imo,Par,5.2577258710786765,-178.83544173784335
38,DMC,Dome Concordia,Antarctica,-75.25,124.167,closed,Par,-89.05828955436019,41.97668514148554
39,DOU,Dourbes,Belgium,50.1,4.6,imo,Edi,45.37164111696764,80.3279243540703
40,DRV,Dumont d'Urville,Antarctica,-66.67,140.01,closed,Par,-80.07123438500696,-123.72803576152006
41,DUR,Duronia,Italy,41.39,14.28,imo,Par,34.843032108112794,87.31867951055956
42,EBR,Ebro,Spain,40.957,0.333,imo,Par,33.248636479171616,75.03833190961822
43,ESK,Eskdalemuir,United Kingdom,55.314,-3.2060000000000173,imo,Edi,51.937331921994755,75.24847412676192
44,EYR,Eyrewell,New Zealand,-43.474,172.393,imo,Edi,-49.90799097890485,-102.59636457088712
45,FCC,Fort Churchill,Canada,58.759,-94.08800000000002,imo,Ott,67.13480425712251,-24.18009124725835
46,FRD,Fredericksburg,United States of America,38.21,-77.36700000000002,imo,Gol,46.77201605901408,0.122164874673598
47,FRN,Fresno,United States of America,37.09,-119.72,imo,Gol,42.674861723599825,-54.11025112541028
48,FUR,Furstenfeldbruck,Germany,48.17,11.28,imo,Edi,43.11965735058655,85.67413052951034
49,GAN,Gan International Airport,Maldives,-0.6946,73.15374,imo,Edi,-8.45984649382575,145.70401169326104
50,GCK,Grocka,Republic of Serbia,44.633,20.767,imo,Edi,39.36999642664113,93.68224938570785
51,GDH,Qeqertarsuaq (Godhavn),Greenland,69.252,-53.533000000000015,imo,Kyo,73.88955440475092,36.0653479738425
52,GLN,Glenlea,Canada,49.645,-97.12,closed,Ott,58.28143047578926,-27.65893859950297
53,GNA,Gnangara,Australia,-31.78,115.947,closed,Edi,-42.90385224674583,-172.0591708578503
54,GNG,Gingin,Australia,-31.356,115.715,imo,Edi,-42.425089152927626,-172.29271887720813
55,GUA,Guam,United States of America,13.59,144.87,imo,Gol,6.146068403988352,-142.95927066229805
56,GUI,Guimar,Spain,28.321,-16.440999999999974,imo,Par,8.389189431374874,59.937067400548905
57,GZH,Zhaoqing,China,23.97,112.45,closed,Edi,18.403057645497967,-174.39835849023893
58,HAD,Hartland,United Kingdom,51.0,-4.480000000000018,imo,Edi,46.665984713100634,73.01911143538494
59,HBK,Hartebeesthoek,South Africa,-25.88,27.71,imo,Edi,-35.545127945854105,96.71316505403125
60,HER,Hermanus,South Africa,-34.43,19.23,imo,Edi,-42.34128838605599,84.63468165296584
61,HLP,Hel,Poland,54.6035,18.8107,imo,Edi,50.803090554239425,93.69667644435161
62,HON,Honolulu,United States of America,21.32,-158.0,imo,Gol,21.398407689188915,-89.00785387413437
63,HRB,Hurbanovo,Slovakia,47.873,18.19,imo,Par,43.049264972135646,91.78641190218997
64,HRN,Hornsund,Norway,77.0,15.55,imo,Edi,74.68916534376157,104.53026397772909
65,HUA,Huancayo,Peru,-12.05,-75.32999999999998,imo,Edi,-0.6843139127497011,-2.871277167862433
66,HYB,Hyderabad,India,17.42,78.55,imo,Edi,11.692293916837713,151.71504802597929
67,IPM,Isla de Pascua Mataveri (Easter Island),Chile,-27.1713,-109.42,closed,Par,-19.7266404118607,-32.5316852656207
68,IQA,Iqaluit,Canada,63.753,-68.51799999999997,imo,Ott,70.57848529282094,14.459556208345257
69,IRT,Irkutsk,Russia,52.27,104.45,imo,Edi,48.39665282438146,178.8957859972333
70,ISK,Istanbul-Kandilli,Turkey,41.063,29.062,closed,Edi,35.90343411643398,101.24854503877306
71,IZN,Iznik,Turkey,40.5,29.72,imo,Edi,35.31975865813683,101.85544323930814
72,JAI,Jaipur,India,26.92,75.8,imo,Kyo,22.15080273922777,149.03245733356815
73,JCO,Jim Carrigan Observatory,United States of America,70.356,-148.799,imo,Edi,70.44562083967699,-95.91958972216676
74,KAK,Kakioka,Japan,36.232,140.186,imo,Kyo,29.438091027513416,-146.5752319485877
75,KDU,Kakadu,Australia,-12.69,132.47,imo,Edi,-21.467300238874316,-154.67629641620914
76,KEP,King Edward Point,South Georgia and the South Sandwich Islands,-54.2821,-36.49290000000002,imo,Edi,-46.19935763781794,25.941980642155997
77,KHB,Khabarovsk,Russia,47.61,134.69,imo,Edi,41.70141310977773,-151.29773391127208
78,KIV,Kiev,Ukraine,50.72,30.3,imo,Edi,46.800263018369506,103.47107529163962
79,KMH,Keetmanshoop,Namibia,-26.54,18.11,imo,Edi,-36.45284528101911,86.87340074717842
80,KNY,Kanoya,Japan,31.42,130.88,imo,Kyo,25.061447290694034,-155.55638928619737
81,KOU,Kourou,French Guiana,5.21,-52.73000000000002,imo,Par,,
82,LER,Lerwick,United Kingdom,60.138,-1.1829999999999927,imo,Edi,57.512109902436976,78.56656514585461
83,LNP,Lunping,Taiwan,25.0,121.167,closed,Kyo,19.09627047100227,-165.55631802390033
84,LON,Lonjsko Polje,Croatia,45.4081,16.6592,imo,Edi,40.01997321700613,90.01184259209491
85,LOV,Lovo,Sweden,59.34,17.82,closed,Edi,56.05559819279956,94.15673882607355
86,LRM,Learmonth,Australia,-22.22,114.1,imo,Edi,-32.023383799900145,-173.55972485605815
87,LVV,Lviv,Ukraine,49.9,23.75,imo,Edi,45.63425984089122,97.21610836535221
88,LYC,Lycksele,Sweden,64.612,18.748,imo,Edi,61.73453279485431,96.968627122088
89,LZH,Lanzhou,China,36.087,103.845,closed,Par,31.515956331363597,177.52937219012782
90,MAB,Manhay,Belgium,50.298,5.682,imo,Edi,45.619064862673746,81.2890309152081
91,MAW,Mawson,Antarctica,-67.6,62.88,imo,Edi,-70.51567880809353,92.08697846543569
92,MBC,Mould Bay,Canada,76.315,-119.362,closed,Ott,80.52269539366894,-74.15167787868602
93,MBO,Mbour,Senegal,14.39,-16.95999999999998,closed,Par,,
94,MCQ,Macquarie Island,Australia,-54.5,158.95,imo,Edi,-63.90387135958258,-111.1111857446533
95,MEA,Meanook,Canada,54.616,-113.347,imo,Ott,61.06685901265,-50.42266984681352
96,MGD,Magadan,Russia,60.051,150.728,imo,Edi,54.36834168985503,-138.50764674915754
97,MID,Midway Island,United States of America,28.21,-177.38,closed,Gol,24.533417109923306,-108.72090223533172
98,MLT,Misallat,,29.515,30.892,closed,Edi,22.543917005402278,102.66744552007717
99,MMB,Memambetsu,Japan,43.91,144.19,imo,Kyo,37.29091021336766,-142.78498983088753
100,NAQ,Narsarsuaq,Greenland,61.167,-45.43299999999999,imo,Kyo,64.22278432268591,41.05757004044981
101,NCK,Nagycenk,Hungary,47.63,16.72,imo,Edi,42.691163648471644,90.41569496298894
102,NEW,Newport,United States of America,48.27,-117.12,imo,Gol,54.1905034111333,-53.55242002202185
103,NGK,Niemegk,Germany,52.07,12.68,imo,Edi,47.815156333284385,87.7117583052946
104,NUR,Nurmijarvi,Finland,60.51,24.66,imo,Edi,57.28155292659543,100.5016177486837
105,NVS,Novosibirsk (Klyuchi),Russia,54.85,83.23,imo,Edi,51.653626591563956,156.8411862278372
106,ORC,Orcadas,Argentina,-60.737,-44.737,imo,Edi,-49.32774476129495,20.27820684583347
107,OTT,Ottawa,Canada,45.403,-75.55200000000002,imo,Ott,53.523364640625644,3.014235402017615
108,PAF,Port-aux-Francais,French Southern and Antarctic Lands,-49.35,70.26,closed,Par,-58.408470345370034,124.28789489217637
109,PAG,Panagjurishte,Bulgaria,42.515,24.177,imo,Edi,37.139555852875475,96.65345411969433
110,PBQ,Poste-de-la-Baleine,Canada,55.277,-77.745,closed,Ott,63.41263010576833,0.4141925669559163
111,PEG,Pedeli,Greece,38.1,23.9,imo,Edi,31.81571430872151,96.02203219634045
112,PET,Paratunka (Petropavlovsk),Russia,52.971,158.248,imo,Edi,46.72923159364795,-131.35700662263147
113,PHU,Phuthuy,Vietnam,21.03,105.96,imo,Par,15.32702403439329,178.9289026837558
114,PIL,Pilar,Argentina,-31.667,-63.881,imo,Edi,-21.606395837710252,5.191954705303592
115,PPT,Pamatai (Papeete),French Polynesia,-17.567,-149.574,imo,Par,-16.292933772353834,-73.67963230350826
116,PST,Port Stanley,Falkland Islands (Islas Malvinas),-51.7,-57.88999999999999,imo,Edi,-40.037003509388455,10.379609064846605
117,QSB,Qsaybeh,Lebanon,33.871,35.644,closed,Par,28.424589368654246,107.56234348940866
118,RES,Resolute Bay,Canada,74.69,-94.89499999999998,imo,Ott,81.6691212567985,-31.03222684325954
119,SBA,Scott Base,Antarctica,-77.85,166.762,imo,Edi,-79.8908735064739,-33.598972244589596
120,SBL,Sable Island,Canada,43.9321,-60.0095,imo,Edi,48.71361404753677,22.567392444303465
121,SFS,San Fernando,Spain,36.667,-5.944999999999993,imo,Par,26.523421329510477,69.23139243498694
122,SHE,Saint Helena,"Saint Helena, Ascension and Tristan da Cunha, British Overseas Territories",-15.961,-5.747000000000014,imo,Kyo,-25.382717840172674,64.24634796064028
123,SHU,Shumagin,United States of America,55.35,-160.46,imo,Gol,52.98821459742234,-98.52307962734726
124,SIT,Sitka,United States of America,57.06,-135.33,imo,Gol,59.321125483221095,-76.15763289497843
125,SJG,San Juan,United States of America,18.11,-66.14999999999998,imo,Gol,24.593650278338856,12.407729490637687
126,SOD,Sodankyla,Finland,67.37,26.63,imo,Edi,64.46026716899496,104.97587076588688
127,SON,Sonmiani,Pakistan,25.1168,66.4487,closed,Edi,20.36651511436594,139.642322007855
128,SPG,Saint Petersburg,Russia,60.542,29.716,imo,Par,57.30989333769448,105.00778586153979
129,SPT,San Pablo-Toledo,Spain,39.55,-4.35,imo,Par,31.037794259419407,70.9247612481481
130,STJ,St John's,Canada,47.595,-52.67700000000002,imo,Ott,50.75048977909068,30.97436209364735
131,STT,San Teotonio,,37.5467,-8.7277,imo,Kyo,27.877845713509238,67.07211951730359
132,SUA,Surlari,Romania,44.68,26.25,imo,Par,39.8273072336236,98.8548077208541
133,TAM,Tamanrasset,Algeria,22.79,5.53,imo,Par,,
134,TAN,Antananarivo,Madagascar,-18.917,47.552,closed,Par,-27.941538421632657,117.86270810672595
135,TDC,Tristan da Cunha,"Saint Helena, Ascension and Tristan da Cunha, British Overseas Territories",-37.067,-12.316,imo,Kyo,-41.14125049421034,50.939300041477665
136,TEO,Teoloyucan,Mexico,19.747,-99.18200000000002,closed,Edi,28.592730642548936,-28.585221043495878
137,THL,Qaanaaq (Thule),Greenland,77.47,-69.22699999999998,imo,Kyo,83.46786475100967,22.98389040386558
138,THY,Tihany,Hungary,46.9,17.89,imo,Edi,41.88238518590434,91.35715682466946
139,TIK,Tiksi,Russia,71.58,129.0,closed,Par,67.01303457398558,-159.91676441172424
140,TRW,Trelew,Argentina,-43.267,-65.38299999999998,closed,Edi,-31.523469650622943,4.487962961032093
141,TSU,Tsumeb,Namibia,-19.202,17.584,imo,Edi,-30.000465416226007,88.531924693378
142,TTB,Tatuoca,,-1.205,-48.51299999999998,imo,Edi,,
143,TUC,Tucson,United States of America,32.17,-110.73,imo,Gol,39.37270399227295,-43.095996225713954
144,UPS,Uppsala (Fiby),Sweden,59.903,17.353,imo,Edi,56.67690293463051,93.94003627653362
145,VAL,Valentia,Republic of Ireland,51.933,-10.25,imo,Edi,48.173295714413065,68.59761757575419
146,VIC,Victoria,Canada,48.52,-123.42,imo,Ott,53.22945669574398,-60.870292162665805
147,VNA,Neumayer Station III,Antarctica,-70.683,-8.283,imo,Kyo,-60.75778969233133,42.49598724754558
148,VOS,Vostok,Antarctica,-78.464,106.835,imo,Kyo,-83.81764505877993,55.80335211481996
149,VSS,Vassouras,Brazil,-22.4,-43.64999999999998,imo,Par,-21.227111762536836,23.60936097799637
150,WIC,Conrad Observatory,Austria,47.9305,15.8657,imo,Edi,43.009901726710574,89.69827726078516
151,WMQ,Urumqi,China,43.81,87.71,closed,Edi,40.09811486461284,161.1989794428374
152,WNG,Wingst,Germany,53.725,9.053,imo,Edi,49.73819550229042,84.99128417927521
153,YAK,Yakutsk,Russia,61.96,129.66,imo,Edi,57.04428523381162,-156.895332857779
154,YKC,Yellowknife,Canada,62.48,-114.482,imo,Ott,68.46555672242421,-54.40188432450746
155,COI,Coimbra,Portugal,40.21,-8.417,imo,Kyo,32.00245872913297,67.6988942632947
156,UAH,Alcalá,España,40.5,-3.34,imo,Kyo,32.46324615552412,71.89787975020718
